Workbook

Sheet Settings
A1: South Paw 0.46: core numbers
A2: Blue numbers are the tunable values. Every other sheet reads from here, so change a number once and the tables update.
A4: Setting | B4: Value | C4: Unit | D4: Notes
A5: Starting health (each round) | B5: 100 | C5: points | D5: Full reset at the start of every round
A6: Starting stamina (each round) | B6: 100 | C6: points | D6: Full reset at the start of every round
A7: Stamina refill rate | B7: 25 | C7: per second | D7: While not punching
A8: Refill delay after a punch | B8: 0.5 | C8: seconds | D8: Refill starts this long after your last punch
A9: Refill while blocking | B9: 0.5 | C9: x normal rate | D9: Blocking refills at half speed
A10: Gassed: punches unlock at | B10: 30 | C10: stamina | D10: At 0 stamina you cannot punch until the bar reaches this
A11: Guard strength (hidden) | B11: 3 | C11: blocked hits | D11: Not shown on screen. Normal shot on the guard uses 1, power shot uses 3
A12: Guard recovery time (hidden) | B12: 2 | C12: seconds | D12: One blocked hit is forgiven after this long with no new blocked hit
A13: Guard break stun | B13: 0.7 | C13: seconds | D13: Arms knocked apart, wide open
A14: Counter damage multiplier | B14: 1.5 | C14: x | D14: Hit them while they are throwing
A15: Knockdowns allowed per round | B15: 1 | C15: get-ups | D15: 2nd knockdown in a round is a TKO
A16: Health after 1st knockdown | B16: 40 | C16: points | D16: Set by the user
... A19: Wobbled after getting up | B19: 1.5 | C19: seconds | D19: Slower movement, swaying
A20: Round length | B20: 60 | C20: seconds
A21: Rounds per match | B21: 3 | C21: rounds | D21: Best of 3: first to 2 rounds wins

Sheet Punches
A1: Punches (0.47)
A2: Damage only counts on a clean hit. A blocked punch does no damage. It wears down the hidden guard and still costs the puncher stamina.
A4: Punch | B4: How to throw | C4: Target | D4: Type | E4: Health damage (clean) | F4: Your stamina cost | G4: Guard wear if blocked (hidden) | H4: Opponent stamina drained | I4: Counter damage | J4: Hits to empty full health | K4: Punches on a full tank
A5: Jab | B5: Left tap | C5: Head | D5: Normal | E5: 5 | F5: 8 | G5: 1 | H5: 0 | I5: =E5*Settings!$B$14 | J5: =ROUNDUP(Settings!$B$5/E5,0) | K5: =INT(Settings!$B$6/F5)
A6: Cross | B6: Right tap | C6: Head | D6: Normal | E6: 7 | F6: 10 | G6: 1 | H6: 0 | I6: =E6*Settings!$B$14 | J6: =ROUNDUP(Settings!$B$5/E6,0) | K6: =INT(Settings!$B$6/F6)
A7: Hook (left or right) | B7: Hold | C7: Head | D7: Normal | E7: 10 | F7: 15 | G7: 1 | H7: 0 | I7: =E7*Settings!$B$14 | J7: =ROUNDUP(Settings!$B$5/E7,0) | K7: =INT(Settings!$B$6/F7)
A8: Uppercut | B8: Stick up + tap | C8: Head | D8: Normal | E8: 12 | F8: 18 | G8: 1 | H8: 0 | I8: =E8*Settings!$B$14 | J8: =ROUNDUP(Settings!$B$5/E8,0) | K8: =INT(Settings!$B$6/F8)
A9: Body jab | B9: Stick down + Left tap | C9: Body | D9: Normal | E9: 6 | F9: 9 | G9: 1 | H9: 0 | I9: =E9*Settings!$B$14 | J9: =ROUNDUP(Settings!$B$5/E9,0) | K9: =INT(Settings!$B$6/F9)
A10: Body cross | B10: Stick down + Right tap | C10: Body | D10: Normal | E10: 6 | F10: 9 | G10: 1 | H10: 0 | I10: =E10*Settings!$B$14 | J10: =ROUNDUP(Settings!$B$5/E10,0) | K10: =INT(Settings!$B$6/F10)
A11: Body hook (left or right) | B11: Stick down + hold | C11: Body | D11: Normal | E11: 10 | F11: 16 | G11: 1 | H11: 15 | I11: =E11*Settings!$B$14 | J11: =ROUNDUP(Settings!$B$5/E11,0) | K11: =INT(Settings!$B$6/F11)
A12: Power uppercut | B12: Stick up + hold | C12: Head | D12: Power | E12: 18 | F12: 28 | G12: 3 | H12: 0 | I12: =E12*Settings!$B$14 | J12: =ROUNDUP(Settings!$B$5/E12,0) | K12: =INT(Settings!$B$6/F12)
A13: Long right hook | B13: Right hold from range | C13: Head | D13: Power | E13: 15 | F13: 24 | G13: 3 | H13: 0 | I13: =E13*Settings!$B$14 | J13: =ROUNDUP(Settings!$B$5/E13,0) | K13: =INT(Settings!$B$6/F13)
A15: Keyboard: Left = J, Right = K, W/S work as stick up/down, Space = block, Shift = dodge.
A16: Power shots (pink rows) break a guard in one hit; normal shots take 3 in a row. Body hooks also drain the opponent's stamina, which sets up the liver shot.

Sheet Stamina
A1: Stamina
A2: Punching spends it, resting refills it fast. Run it dry and you are gassed.
A4: Situation | B4: What happens | C4: Value | D4: Unit
A5: Each punch | B5: Spends its stamina cost (see Punches)
A6: Not punching | B6: Refills at the refill rate after the delay | C6: =Settings!$B$7 | D6: per second
A7: Blocking | B7: Refills at the blocking rate | C7: =Settings!$B$7*Settings!$B$9 | D7: per second
A8: Empty to full | B8: Time to refill a full bar from zero | C8: =Settings!$B$6/Settings!$B$7 | D8: seconds
A9: Gassed (stamina 0) | B9: Cannot punch until the bar reaches the unlock level. Can still block and move. Bar flashes red, hands drop. | C9: =Settings!$B$10/Settings!$B$7 | D9: seconds locked out
A10: Hit by a body hook | B10: Loses the body hook drain on top of health damage | C10: =Punches!H11 | D10: stamina
A11: Dodge | B11: Costs a small amount, more if spammed | C11: 6 | D11: stamina
A12: Finished taunt | B12: Gives some back | C12: 10 | D12: stamina

Sheet Guard
A1: Blocking and guard break
A2: The guard count is hidden: no number, bar or icon on screen. There is one block: hold the Block button and it stops every punch, head or body.
A4: Rule | B4: What happens | C4: Value
A5: What the player sees | B5: Block animations only, then the break: arms knocked apart and a GUARD BREAK! pop
A6: Normal shot on the guard | B6: Blocked, no damage. Uses 1 of the hidden guard strength | C6: =Punches!G5
A7: Power shot on the guard | B7: Breaks the guard in one hit | C7: =Punches!G12
A8: Normal shots to break a full guard | C8: =Settings!$B$11/Punches!G5
A9: Power shots to break a full guard | C9: =ROUNDUP(Settings!$B$11/Punches!G12,0)
A10: Guard break | B10: Arms knocked apart, stunned and wide open. Next punch lands clean. | C10: =Settings!$B$13
A11: Guard recovery | B11: One blocked hit is forgiven after this many seconds without a new one | C11: =Settings!$B$12
A12: Which punches it stops | B12: All of them: jabs, hooks, uppercuts and body shots
A13: Blocking costs the puncher nothing | B13: A blocked punch never hurts or staggers the man who threw it; only the guard wears down

Sheet Knockdowns & Rounds
A1: Knockdowns and rounds
A2: Only one get-up per round. Everything resets at the next round, and the rules are identical in every round.
A4: Event | B4: Trigger | C4: Result | D4: Health after | E4: Stamina after | F4: Also
A5: 1st knockdown | B5: Health reaches 0 | C5: Mash to get up before 10 | D5: =Settings!$B$16 | E5: =Settings!$B$17 | F5: Guard restored, wobbled for 1.5 s
A6: 2nd knockdown | B6: Health reaches 0 again in the same round | C6: TKO: the round is lost | D6: - | E6: - | F6: Round ends
A7: Liver shot | B7: Left body hook lands clean while the opponent is gassed | C7: Not a knockdown: no count, no knockdown added | D7: Unchanged (only the hook's own damage) | E7: =Settings!$B$10 | F7: Drops to one knee for about 3 s and gets up on his own
A8: Counted out | B8: Did not get up before 10 | C8: KO: the round is lost | D8: - | E8: -
A10: Rounds
A11: Rule | B11: Value | C11: Unit
A12: Round length | B12: =Settings!$B$20 | C12: seconds
A13: Rounds per match | B13: =Settings!$B$21 | C13: best of 3
A14: Rounds needed to win | B14: =INT(Settings!$B$21/2)+1 | C14: rounds
A15: Win a round | B15: By KO or TKO, otherwise by more damage dealt
A16: Start of each round | B16: Health, stamina, guard and knockdowns all reset

Sheet Counters & Range
A1: Counters, dodges and range
A2: The only things that change damage. Everything else is hidden from the player.
A4: Situation | B4: When | C4: Damage x | D4: Notes
A5: Counter | B5: Your punch lands while they are throwing | C5: =Settings!$B$14 | D5: Slow-motion moment, COUNTER! pop
A6: Dodge counter | B6: You dodge a punch at the right moment, your next punch is a counter | C6: =Settings!$B$14 | D6: Slip beats straights, duck beats straights and hooks, lean back beats head shots
A7: Too close (smothered) | B7: Punch thrown from too close | C7: 0.55 | D7: Felt, not shown
A8: Fingertip range | B8: Punch only just reaches | C8: 0.55 | D8: Felt, not shown
A9: Gassed | B9: Cannot throw at all until the unlock level | C9: - | D9: See Stamina
